<?xml version="1.0" encoding="UTF-8"?>
<!DOCTYPE suite SYSTEM "https://testng.org/testng-1.0.dtd">
<suite name="Suite" thread-count="5" parallel="tests">
  <test  name="Eng">
  <parameter name="Lang" value="English"></parameter>
    <classes>
      <class name="testcase.TC_LoginWithPropertiesFile_003"/>
    </classes>
  </test> <!-- Test -->
  
  
  <test thread-count="5" name="Fre">
    <parameter name="Lang" value="French"></parameter>
  
    <classes>
      <class name="testcase.TC_LoginWithPropertiesFile_003"/>
    </classes>
  </test> <!-- Test -->
</suite> <!-- Suite -->
